Periodo,PIB,inflacion_subyacente,inflacion_no_subyacente,tasa_desocupacion,tasa_participacion,tasa_informalidad_laboral,importaciones_manufactura,exportaciones_manufactura,formacion_bruta_capital_fijo,turismo_interior,prod_laboral_constructoras
2025/01,0.1526603229660023,0.848188929679971,-0.8622285204889308,-0.5979659799658527,-0.4055127560706868,0.6545110838568567,-0.9860784132695315,-1.0922576171179292,1.1499566946126083,-1.0012016544761084,-0.9584482621816452
2025/02,0.9148918718394717,0.2544566789039916,1.096261976050212,-0.5564861883646097,1.1390627133220201,0.4965839028855428,-0.027284752224409885,0.22173711109138908,-0.4844261502775562,0.0024076565645419217,1.0369271851803066
2025/03,-1.0675521948054736,-1.102645608583962,-0.23403345556128108,1.1544521683304623,-0.7335499572513334,-1.1510949867423994,1.0133631654939388,0.8705205060265427,-0.6655305443350521,0.9987939979115665,-0.07847892299866133
